CODI Sistema;Nom del sistema/EDAR;Codi_municipi;Municipi EDAR;Comarca;Província;Conca;Administració actuant;Empresa explotadora;Any posada en marxa;Any ampliació;Tipus de tractament;"Cabal de disseny
 (m³/dia)";"Població de disseny 
(h-e)";"F. sèptiques
(Nre.)";"Bombaments
(Nre.)";"Col·lectors
(km)";"Emissaris
(Nre.)";"Emissaris
(km)";Municipis assistits;Fitlre;Punt d'abocament;Homes;Dones;Total
DAGE;ÀGER;250024;Àger;Noguera;Lleida;La Noguera Pallaresa;Agència Catalana de l'Aigua;COMPANYIA GENERAL D'AIGÜES DE CATALUNYA, S.A.;2012;NA;Biològic;460,00;2300;0;0;1,20;0;0,00;ÀGER;1;riu Fred de Pui;320;268;588
DAGR;AGRAMUNT;250030;Agramunt;Urgell;Lleida;El Segre;Agència Catalana de l'Aigua;COMPANYIA GENERAL D'AIGÜES DE CATALUNYA, S.A.;1995;NA;Biològic amb eliminació de Nitrogen i Fòsfor;2700,00;18000;0;1;3,50;0;0,00;AGRAMUNT;1;RIU SIÓ;2689;2682;5371
DAGL;AGULLANA;170010;Agullana;Alt Empordà;Girona;La Muga;Agència Catalana de l'Aigua;COMPANYIA GENERAL D'AIGÜES DE CATALUNYA, S.A.;2006;NA;Biològic amb eliminació de Nitrogen;203,50;1000;0;0;NA;0;0,00;AGULLANA (Agullana);1;Riera del Gou (Muga);411;420;831
DALE;ALBESA;250083;Albesa;Noguera;Lleida;La Noguera Ribagorçana;Agència Catalana de l'Aigua;COMPANYIA GENERAL D'AIGÜES DE CATALUNYA, S.A.;2009;NA;Biològic;630,00;4347;0;0;1,11;0;0,00;ALBESA;1;RIU NOGUERA RIBAGORÇANA;855;701;1556
DALS;ALCARRÀS;250117;Alcarràs;Segrià;Lleida;El Segre;Agència Catalana de l'Aigua;SIM RUBATEC, S.A.-M. Y J. GRUAS, S.A. UTE;2001;NA;Biològic;1680,00;6440;0;0;0,57;0;0,00;ALCARRÀS;1;RIU SEGRE;4957;4557;9514
DALX;ALEIXAR;430075;Aleixar, l';Baix Camp;Tarragona;Rieres de la costa entre Cunit i Vandellòs i l'Hospitalet de l'Infant;Consell Comarcal del Baix Camp;COMAIGUA, SL;2016;NA;Biològic;360,00;1440;0;0;0,88;0;0,00;Aleixar;1;Riera de la Mussara;450;423;873
DAFC;ALFARA DE CARLES;430081;Alfara de Carles;Baix Ebre;Tarragona;L'Ebre;Consell Comarcal del Baix Ebre;ACCIONA AGUA, S.A.U.;2010;NA;Biològic;115,00;383;0;0;0,94;0;0,00;ALFARA DE CARLES;1;barranc del Llop;199;178;377
DALF;ALFÉS;250143;Alfés;Segrià;Lleida;El Segre;Agència Catalana de l'Aigua;SIM RUBATEC, S.A.-M. Y J. GRUAS, S.A. UTE;2002;NA;Llacunatge;15,00;NA;1;0;0,12;0;0,00;ALFÉS;1;DESGUÀS LA SECLETA;162;150;312
DALGR;ALGERRI;250156;Algerri;Noguera;Lleida;La Noguera Ribagorçana;Agència Catalana de l'Aigua;COMPANYIA GENERAL D'AIGÜES DE CATALUNYA, S.A.;2011;NA;Biològic;125,00;710;0;0;0,47;0;0,00;ALGERRI;1;BARRANC DE LA SISQUELLA;206;180;386
DALN;ALINS;250175;Alins;Pallars Sobirà;Lleida;La Noguera Pallaresa;Agència Catalana de l'Aigua;COMPANYIA GENERAL D'AIGÜES DE CATALUNYA, S.A.;2010;NA;Biològic;120,00;600;0;0;0,43;0;0,00;ALINS;1;RIU DE LA NOGUERA VALLFERRERA;144;132;276
DAREU;ÀREU;250175;Alins;Pallars Sobirà;Lleida;La Noguera Pallaresa;Agència Catalana de l'Aigua;COMPANYIA GENERAL D'AIGÜES DE CATALUNYA, S.A.;2010;NA;Biològic;120,00;600;0;0;0,06;0;0,00;ALINS (Àreu);1;RIU DE LA NOGUERA VALLFERRERA;144;132;276
DALIO;ALIÓ;430108;Alió;Alt Camp;Tarragona;El Francolí;Ajuntament Alió;AJUNTAMENT ALIÓ;2013;NA;Llacunatge;100,50;419;2;0;NA;0;0,00;ALIÓ;1;barranc Fonollosa;208;231;439
DALM;ALMACELLES;250194;Almacelles;Segrià;Lleida;El Segre;Agència Catalana de l'Aigua;SIM RUBATEC, S.A.-M. Y J. GRUAS, S.A. UTE;2001;NA;Biològic amb eliminació de Nitrogen i Fòsfor;1985,00;9660;0;0;2,55;0;0,00;ALMACELLES;1;CLAMOR AMARGA;3584;3207;6791
DAMTN;ALMATRET SECTOR NORD;250208;Almatret;Segrià;Lleida;L'Ebre;Agència Catalana de l'Aigua;SIM RUBATEC, S.A.-M. Y J. GRUAS, S.A. UTE;2002;NA;Llacunatge;25,00;104;1;0;0,20;0;0,00;ALMATRET;1;PARTIDA DE LES FRANQUESES;172;135;307
DAMTS;ALMATRET SECTOR SUD;250208;Almatret;Segrià;Lleida;L'Ebre;Agència Catalana de l'Aigua;SIM RUBATEC, S.A.-M. Y J. GRUAS, S.A. UTE;2002;NA;Llacunatge;57,00;373;1;0;0,07;0;0,00;ALMATRET;1;PARTIDA BASSES ROIJES;172;135;307
DALP;ALP;170062;Alp;Cerdanya;Girona;El Segre;Consell Comarcal de la Cerdanya;ACSA-SAV-DAM (UTE EDAR LA CERDANYA);2004;NA;Biològic;2000,00;8333;0;1;0,55;1;0,10;ALP (Alp);1;Ribera d'Alp;828;752;1580
DALPE;ALPENS;080044;Alpens;Osona;Barcelona;El Llobregat;Consell Comarcal d'Osona;Depuradores d'Osona;1999;NA;Biològic;200,00;833;0;0;0,92;0;0,00;ALPENS (Alpens);1;Riera d'Alpens;144;122;266
DANG;ANGLÈS;170084;Anglès;Selva;Girona;El Ter;Consell Comarcal de la Selva;ACCIONA AGUA, S.A.U.;2003;2016;Biològic amb eliminació de Nitrogen i Fòsfor;4500,00;24150;0;0;0,80;0;0,00;ANGLÈS;1;Rec (al costat de l'EDAR), riu Ter;2780;2819;5599
DARB;ARBECA;250292;Arbeca;Garrigues;Lleida;El Segre;Agència Catalana de l'Aigua;COMPANYIA GENERAL D'AIGÜES DE CATALUNYA, S.A.;2012;NA;Biològic amb eliminació de Nitrogen;900,00;3000;0;0;2,13;0;0,00;ARBECA;1;desguàs lo Reguer;1100;1044;2144
DARNE;ARNES;430189;Arnes;Terra Alta;Tarragona;L'Ebre;Agència Catalana de l'Aigua;SERVEIS INTEGRALS DE MANTENIMENT RUBATEC, SA;1996;NA;Llacunatge;324,00;1305;0;0;1,04;0;0,00;ARNES (Arnes);1;Riu Algars;224;231;455
DARS;ARTESA DE SEGRE;250349;Artesa de Segre;Noguera;Lleida;El Segre;Agència Catalana de l'Aigua;COMPANYIA GENERAL D'AIGÜES DE CATALUNYA, S.A.;2005;NA;Biològic amb eliminació de Nitrogen i Fòsfor;862,00;3203;0;0;2,36;0;0,00;ARTESA DE SEGRE;1;RIU SENILL;1766;1666;3432
DASC;ASCÓ;430192;Ascó;Ribera d'Ebre;Tarragona;L'Ebre;Agència Catalana de l'Aigua;SERVEIS INTEGRALS DE MANTENIMENT RUBATEC, SA;2008;NA;Biològic amb eliminació de Nitrogen;750,00;5250;0;3;1,12;0;0,00;ASCÓ (Ascó);1;Riu Ebre;856;804;1660
DAVI;AVINYÓ;080121;Avinyó;Bages;Barcelona;El Llobregat;Agència Catalana de l'Aigua;CADAGUA;2002;NA;Biològic amb eliminació de Nitrogen i Fòsfor;648,00;4320;0;1;3,90;0;0,00;AVINYÓ (Avinyó);1;Riera Gavarresa;1127;1148;2275
DSUC;CANTALLOPS;080137;Avinyonet del Penedès;Alt Penedès;Barcelona;Rieres del Garraf;Mancomunitat Penedès-Garraf;COMPANYIA GENERAL D'AIGÜES DE CATALUNYA, S.A.;2018;NA;Tractament extensiu;100,00;500;2;0;0,33;0;0,00;Avinyonet del Penedès i Subirats;1;Riera dels Pelagons;903;798;1701
DBPGS;GERRI DE LA SAL;250390;Baix Pallars;Pallars Sobirà;Lleida;La Noguera Pallaresa;Agència Catalana de l'Aigua;COMPANYIA GENERAL D'AIGÜES DE CATALUNYA, S.A.;2010;NA;Biològic;140,00;700;0;2;0,30;0;0,00;BAIX PALLARS (Gerri de la Sal);1;NOGUERA PALLARESA;182;153;335
DBLS;BALSARENY;080180;Balsareny;Bages;Barcelona;El Llobregat;Ajuntament Balsareny;SOCIEDAD GENERAL DE AGUAS DE BARCELONA, SA;1991;NA;Biològic;1500,00;9375;0;0;2,90;0;0,00;BALSARENY (Balsareny);1;Riu Llobregat;1562;1597;3159
DBAS;BÀSCARA;170160;Bàscara;Alt Empordà;Girona;El Fluvià;Agència Catalana de l'Aigua;COMPANYIA GENERAL D'AIGÜES DE CATALUNYA, S.A.;1997;NA;Biològic;250,00;625;0;0;0,30;0;0,00;BÀSCARA(Bàscara);1;Riu Fluvià;520;484;1004
DBAT;BATEA;430228;Batea;Terra Alta;Tarragona;L'Ebre;Agència Catalana de l'Aigua;SERVEIS INTEGRALS DE MANTENIMENT RUBATEC, SA;2003;NA;Biològic amb eliminació de Nitrogen;555,00;3700;0;0;0,10;0;0,00;BATEA (Batea);1;Barranc de la Vall Major;944;946;1890
DBLL;BELL-LLOC D'URGELL;250485;Bell-Lloc d'Urgell;Pla d'Urgell;Lleida;El Segre;Consell Comarcal del Pla d'Urgell;UTE DEPURPLA 2;2002;NA;Biològic;2400,00;4000;0;1;2,09;0;0,00;BELL-LLOC D'URGELL;1;RIU LES CANALS;1139;1176;2315
DBEL;BELLAGUARDA;251706;Bellaguarda;Garrigues;Lleida;El Segre;Agència Catalana de l'Aigua;COMPANYIA GENERAL D'AIGÜES DE CATALUNYA, S.A.;2009;NA;Biològic amb eliminació de Nitrogen;70,00;554;0;0;0,78;0;0,00;BELLAGUARDA;1;SÈQUIA DE LA VALL DE SANT PERE;152;135;287
DBLM;BELLMUNT DEL PRIORAT;430234;Bellmunt del Priorat;Priorat;Tarragona;L'Ebre;Agència Catalana de l'Aigua;SERVEIS INTEGRALS DE MANTENIMENT RUBATEC, SA;2009;NA;Biològic;85,00;538;0;3;2,46;0;0,00;BELLMUNT DEL PRIORAT (Bellmunt del Priorat);1;Barranc de Fontbella ( Riu Siurana);145;135;280
DBLP;BELLPUIG;250501;Bellpuig;Urgell;Lleida;El Segre;Agència Catalana de l'Aigua;COMPANYIA GENERAL D'AIGÜES DE CATALUNYA, S.A.;1996;2007;Biològic;1725,00;10494;0;0;2,60;0;0,00;BELLPUIG;1;RIU CORB;2705;2428;5133
DBLV;BELLVEI;430249;Bellvei;Baix Penedès;Tarragona;Rieres de la costa entre Cunit i Vandellòs i l'Hospitalet de l'Infant;Consell Comarcal del Baix Penedès;REMONDIS AGUA, S.A.U;1994;NA;Biològic;400,00;2167;0;0;0,27;0;0,00;BELLVEI (Bellvei);1;Torrent de la Palliseta;1132;1071;2203
DBVI;BELLVÍS;250523;Bellvís;Pla d'Urgell;Lleida;El Segre;Consell Comarcal del Pla d'Urgell;UTE DEPURPLA 2;2003;NA;Biològic;1141,00;2966;0;1;1,99;0;0,00;BELLVIS;1;SÈQUIA DEL MOLÍ;1149;1106;2255
DBNF;BENIFALLET;430252;Benifallet;Baix Ebre;Tarragona;L'Ebre;Consell Comarcal del Baix Ebre;ACCIONA AGUA, S.A.U.;2010;NA;Biològic amb eliminació de Nitrogen;285,00;1615;0;2;1,87;0;0,00;BENIFALLET;1;riu Ebre;348;391;739
DBER;BERGA;080229;Berga;Berguedà;Barcelona;El Llobregat;Consell Comarcal del Berguedà;AQUAMBIENTE SERVICIOS PARA EL SECTOR DEL AGUA SAU;1995;2016;Biològic;8300,00;41500;0;1;5,00;0;0,00;BERGA (Berga);1;Riu Llobregat;8166;8328;16494
DBES;BESALÚ;170195;Besalú;Garrotxa;Girona;El Fluvià;Consell Comarcal de la Garrotxa;AQUAMBIENTE SERVICIOS PARA EL SECTOR DEL AGUA SAU;1995;NA;Biològic amb eliminació de Nitrogen;648,00;3520;0;2;1,00;0;0,00;BESALÚ (Besalú);1;Riu Fluvià;1170;1322;2492
DBCNM;MAS LLUNÉS;170209;Bescanó;Gironès;Girona;El Ter;Ajuntament Bescanó;PROVEÏMENTS D'AIGUA, S.A. (PRODAISA);2014;NA;Biològic;400,00;2000;0;0;1,91;0;0,00;BESCANÓ (urbanització Mas Llunés);1;NA;2505;2455;4960
DBSC;BESCANÓ;170209;Bescanó;Gironès;Girona;El Ter;Ajuntament Bescanó;REMONDIS AGUA, S.A.U;2006;NA;Biològic amb eliminació de Nitrogen;600,00;3430;0;2;1,30;0;0,00;BESCANÓ(Bescanó, Urbanització Montfullà);1;Riu Ter;2505;2455;4960
DBED;BEUDA;170216;Beuda;Garrotxa;Girona;El Fluvià;Consell Comarcal de la Garrotxa;AQUAMBIENTE SERVICIOS PARA EL SECTOR DEL AGUA SAU;2010;NA;Biològic;30,00;120;0;0;0,10;0;0,00;BEUDA (Beuda);1;Riera Capellades;100;90;190
DBOL;BOLVIR;170242;Bolvir;Cerdanya;Girona;El Segre;Consell Comarcal de la Cerdanya;ACSA-SAV-DAM (UTE EDAR LA CERDANYA);2000;NA;Biològic;750,00;2000;0;0;1,20;1;0,03;BOLVIR (Bolvir);1;Torrent dels Estanys;191;178;369
DSJBB;BONMATÍ;179032;Sant Julià del Llor i Bonmatí;Selva;Girona;El Ter;Agència Catalana de l'Aigua;UTE PSARU TER-DARÓ (ACSA AGBAR CONSTRUCCIÓN, SA.-SOREA, SA.-CONST. DE CALAF, SA);2012;NA;Biològic amb eliminació de Nitrogen i Fòsfor;242,40;1212;0;0;0,15;0;0,00;BONMATÍ;1;riu Ter;651;635;1286
DBBL;BORGES BLANQUES, LES;250582;Borges Blanques, les;Garrigues;Lleida;El Segre;Agència Catalana de l'Aigua;COMPANYIA GENERAL D'AIGÜES DE CATALUNYA, S.A.;1992;NA;Llacunatge;3840,00;8320;0;0;3,10;0;0,00;BORGES BLANQUES;1;RIERA SALAT;3105;2982;6087
DBOC;BORGES DEL CAMP;430311;Borges del Camp, les;Baix Camp;Tarragona;Rieres de la costa entre Cunit i Vandellòs i l'Hospitalet de l'Infant;Consell Comarcal del Baix Camp;COMAIGUA, SL;2018;NA;Biològic amb eliminació de Nitrogen;904,50;3882;NA;1;1,74;0;0,00;BORGES DEL CAMP;1;NA;1050;987;2037
DBOR;BORREDÀ;080240;Borredà;Berguedà;Barcelona;El Llobregat;Agència Catalana de l'Aigua;UTE PSARU LLOBREGAT NORD (OMS SACEDE, SAU-CESMED AMBIENTAL, SL);2019;NA;Biològic amb eliminació de Nitrogen;200,00;1000;0;0;0,42;0;0,00;Borredà;1;Riera Merdançol;253;192;445
DBOS;BOSSOST;250595;Bossòst;Val d'Aran;Lleida;La Garona;Conselh Generau d'Aran;UTE EDAR VALL D'ARAN (ACSA-SAV-DAM);1998;NA;Biològic;942,00;4399;0;0;0,54;0;0,00;BOSSOST;1;ARRIU GARONA;542;567;1109
DBOT;BOTARELL;430332;Botarell;Baix Camp;Tarragona;Rieres de la costa entre Cunit i Vandellòs i l'Hospitalet de l'Infant;Consell Comarcal del Baix Camp;COMAIGUA, SL;1981;NA;Biològic;200,00;810;0;0;1,25;0;0,00;BOTARELL (Botarell);1;Barranc Ànima Blanca;549;519;1068
DBOV;BOVERA;250560;Bovera;Garrigues;Lleida;L'Ebre;Agència Catalana de l'Aigua;COMPANYIA GENERAL D'AIGÜES DE CATALUNYA, S.A.;2009;NA;Biològic;50,00;425;0;0;1,09;0;0,00;BOVERA;1;Vallmajor;133;114;247
DCAF;CALAF;080312;Calaf;Anoia;Barcelona;El Llobregat;Agència Catalana de l'Aigua;UTE ACSA-SAV-DAM (GRUP IGUALADA);1994;NA;Biològic amb eliminació de Nitrogen;780,00;3550;0;0;4,00;0;0,00;CALAF (Calaf);1;Riera d'Anoia;1775;1760;3535
DCPNS;CAMPINS;080399;Campins;Vallès Oriental;Barcelona;La Tordera;Consorci Besòs Tordera;ACCIONA AGUA, S.A.U.;2013;NA;Biològic amb eliminació de Nitrogen;160,00;1067;0;0;NA;0;0,00;CAMPINS;1;riera de Campins;277;252;529
DCAM;CAMPRODON;170391;Camprodon;Ripollès;Girona;El Ter;Consell Comarcal del Ripollès;CADAGUA;1994;NA;Biològic amb eliminació de Nitrogen;2531,00;12655;0;0;5,00;0;0,00;CAMPRODON (Camprodon);1;Ter;1117;1164;2281
DCÇN;CAPÇANES;430402;Capçanes;Priorat;Tarragona;L'Ebre;Agència Catalana de l'Aigua;SERVEIS INTEGRALS DE MANTENIMENT RUBATEC, SA;2016;NA;Biològic;140,00;1667;0;1;0,66;0;0,00;CAPÇANES;1;riera de Capçanes;202;196;398
DCDN;CARDONA;080478;Cardona;Bages;Barcelona;El Llobregat;Agència Catalana de l'Aigua;CADAGUA;1998;NA;Biològic amb eliminació de Nitrogen;1500,00;9375;0;5;4,00;0;0,00;CARDONA (Cardona);1;Riu Cardener;2273;2363;4636
DCSRS;CASSERRES;080497;Casserres;Berguedà;Barcelona;El Llobregat;Consell Comarcal del Berguedà;AQUAMBIENTE SERVICIOS PARA EL SECTOR DEL AGUA SAU;2001;NA;Biològic;475,00;2201;0;1;3,00;0;0,00;CASSERRES (Casserres);1;Riera Clarà;813;795;1608
DCDNH;CASTELLAR DE N'HUG;080522;Castellar de n'Hug;Berguedà;Barcelona;El Llobregat;Consell Comarcal del Berguedà;AQUAMBIENTE SERVICIOS PARA EL SECTOR DEL AGUA SAU;2005;NA;Biològic amb eliminació de Nitrogen;240,00;2000;0;4;3,00;0;0,00;CASTELLAR DE N'HUG (Castellar de N'Hug);1;Riu Llobregat;85;74;159
DCDR;CASTELLFOLLIT DE LA ROCA;170464;Castellfollit de la Roca;Garrotxa;Girona;El Fluvià;Consell Comarcal de la Garrotxa;AQUAMBIENTE SERVICIOS PARA EL SECTOR DEL AGUA SAU;1994;NA;Biològic;600,00;3000;0;2;1,00;0;0,00;CASTELLFOLLIT DE LA ROCA;1;Riu Fluvià;493;468;961
DCAST;CASTELLOLÍ;080636;Castellolí;Anoia;Barcelona;El Llobregat;Agència Catalana de l'Aigua;UTE ACSA-SAV-DAM (UTE EDAR VALLBONA);2012;NA;Biològic amb eliminació de Nitrogen;205,00;1350;0;0;0,33;0;0,00;CASTELLOLÍ;1;Llera, torrent innominat;302;317;619
DCER;CERVERA;250729;Cervera;Segarra;Lleida;El Segre;Ajuntament Cervera;EASCS SL (EMPRESA D'AIGÜES I SERVEIS DE CERVERA I LA SEGARRA, SL);1985;NA;Llacunatge amb eliminació de Fòsfor;2280,00;24434;0;2;5,83;0;0,00;CERVERA;1;RIU ONDARA;4670;4510;9180
DCDT;CERVIÀ DE TER;170502;Cervià de Ter;Gironès;Girona;El Ter;Agència Catalana de l'Aigua;AQUAMBIENTE SERVICIOS PARA EL SECTOR DEL AGUA SAU;2000;NA;Llacunatge;226,00;753;0;0;NA;0;0,00;CERVIÀ DE TER(Cervià de Ter);1;Riu Ter;492;476;968
DCOL;COLERA;170545;Colera;Alt Empordà;Girona;Rieres de la costa entre la frontera amb França i Lloret de Mar;Consorci d'Aigües Costa Brava Girona;UTE SERVICIO DE SISTEMAS DE SANEAMIENTO EN ALTA CCB-ELA;1974;1997;Biològic amb tractament Terciari;1300,00;7400;0;2;2,20;0;0,00;COLERA (Colera);1;Mar Mediterrani;223;225;448
DCBE;CORBERA D'EBRE;430483;Corbera d'Ebre;Terra Alta;Tarragona;L'Ebre;Agència Catalana de l'Aigua;SERVEIS INTEGRALS DE MANTENIMENT RUBATEC, SA;2016;NA;Biològic;190,00;1805;0;0;0,17;0;0,00;CORBERA D'EBRE;1;riu Sec;531;485;1016
DTOE;CORBINS;250788;Corbins;Segrià;Lleida;La Noguera Ribagorçana;Agència Catalana de l'Aigua;SIM RUBATEC, S.A.-M. Y J. GRUAS, S.A. UTE;2001;NA;Llacunatge;500,00;2083;0;0;1,07;0;0,00;CORBINS;1;RIU NOGUERA RIBAGORÇANA;787;657;1444
DCOR;CORNUDELLA DEL MONTSANT;430496;Cornudella de Montsant;Priorat;Tarragona;L'Ebre;Agència Catalana de l'Aigua;SERVEIS INTEGRALS DE MANTENIMENT RUBATEC, SA;2008;NA;Biològic amb eliminació de Nitrogen;190,00;1029;0;1;1,21;0;0,00;CORNUDELLA DEL MONTSANT (Cornudella del Montsant);1;Barranc de les Obagues;505;436;941
DDAS;DAS;170617;Das;Cerdanya;Girona;El Segre;Consell Comarcal de la Cerdanya;ACSA-SAV-DAM (UTE EDAR LA CERDANYA);2000;NA;Biològic;410,00;998;0;0;1,00;1;0,01;DAS (Das);1;La Valirota;131;122;253
DMLA;MILÀ, EL;430831;Milà, el;Alt Camp;Tarragona;El Francolí;Ajuntament Milà, El;Ajuntament Milà, El;2020;NA;Biològic;15,00;165;0;0;0,66;0;0,00;El Milà;1;Infiltració en el terreny;85;93;178
DGAM1;GUIAMETS, ELS;430705;Guiamets, els;Priorat;Tarragona;L'Ebre;Agència Catalana de l'Aigua;SERVEIS INTEGRALS DE MANTENIMENT RUBATEC, SA;2016;NA;Biològic;75,00;681;0;1;0,18;0;0,00;ELS GUIAMETS;1;riu de Capçanes;128;142;270
DFAL;FALSET;430555;Falset;Priorat;Tarragona;L'Ebre;Agència Catalana de l'Aigua;SERVEIS INTEGRALS DE MANTENIMENT RUBATEC, SA;1981;2000;Biològic;460,00;3082;0;0;0,32;0;0,00;FALSET (Falset);1;Barranc de la Vila;1412;1422;2834
DFAT;FATARELLA, LA;430568;Fatarella, la;Terra Alta;Tarragona;L'Ebre;Agència Catalana de l'Aigua;SERVEIS INTEGRALS DE MANTENIMENT RUBATEC, SA;2002;NA;Llacunatge;231,00;1458;0;0;1,73;0;0,00;FATARELLA (Fatarella, La);1;Barranc de Sant Francesc;458;483;941
DLFI;FIGUERA, LA;430580;Figuera, la;Priorat;Tarragona;L'Ebre;Agència Catalana de l'Aigua;SERVEIS INTEGRALS DE MANTENIMENT RUBATEC, SA;2008;NA;Biològic amb eliminació de Nitrogen;45,00;431;0;1;0,14;0;0,00;FIGUERA, LA (Figuera, La);1;Barranc de les Freixes;63;48;111
DFOL;FOLGUEROLES;080832;Folgueroles;Osona;Barcelona;El Ter;Consell Comarcal d'Osona;Depuradores d'Osona;1999;2008;Biològic;1250,00;2500;0;0;2,00;0;0,00;FOLGUEROLES (Folgueroles);1;Torrent Folgueroles;1159;1108;2267
DFCUR;VILAR D'URTX;170694;Fontanals de Cerdanya;Cerdanya;Girona;El Segre;Consell Comarcal de la Cerdanya;ACSA-SAV-DAM (UTE EDAR LA CERDANYA);1999;NA;Biològic;225,00;701;0;0;0,50;0;0,00;FONTANALS DE CERDANYA (El Vilar d'Urtx);1;Torrent d'Urtx;220;224;444
DGAL;GALERA, LA;430635;Galera, la;Montsià;Tarragona;L'Ebre;Consell Comarcal del Montsià;ACCIONA AGUA, S.A.U.;1992;NA;Tractament extensiu;300,00;1200;0;0;0,60;0;0,00;GALERA, LA (Galera, La);1;Edar verda, infiltració al terreny;375;356;731
DGAN;GANDESA;430640;Gandesa;Terra Alta;Tarragona;L'Ebre;Agència Catalana de l'Aigua;SERVEIS INTEGRALS DE MANTENIMENT RUBATEC, SA;2003;NA;Biològic amb eliminació de Nitrogen;780,00;7540;0;1;1,55;0;0,00;GANDESA (Gandesa);1;Barranc dels Horts;1563;1501;3064
DGCA;GARCIA;430653;Garcia;Ribera d'Ebre;Tarragona;L'Ebre;Agència Catalana de l'Aigua;SERVEIS INTEGRALS DE MANTENIMENT RUBATEC, SA;2017;NA;Biològic;80,00;1160;0;1;1,84;0;0,00;García;1;Riu Siurana;264;263;527
DGEL;GELIDA;080919;Gelida;Alt Penedès;Barcelona;El Llobregat;Agència Catalana de l'Aigua;CADAGUA;2000;NA;Biològic amb eliminació de Nitrogen;1440,00;7200;0;0;3,00;0;0,00;GELIDA (Gelida);1;Riu Anoia;3778;3755;7533
DGIN;GINESTAR;430672;Ginestar;Ribera d'Ebre;Tarragona;L'Ebre;Agència Catalana de l'Aigua;SERVEIS INTEGRALS DE MANTENIMENT RUBATEC, SA;2008;NA;Biològic amb eliminació de Nitrogen;200,00;917;0;1;1,50;0;0,00;GINESTAR (Ginestar);1;Riu Ebre;403;350;753
DGOD;GODALL;430688;Godall;Montsià;Tarragona;L'Ebre;Consell Comarcal del Montsià;ACCIONA AGUA, S.A.U.;2002;NA;Biològic;150,00;875;0;0;0,76;0;0,00;GODALL (Godall);1;Barranc de La Caldera;289;286;575
DGSL;GÓSOL;251001;Gósol;Berguedà;Lleida;El Llobregat;Agència Catalana de l'Aigua;UTE PSARU LLOBREGAT NORD (OMS SACEDE, SAU-CESMED AMBIENTAL, SL);2013;NA;Biològic amb eliminació de Nitrogen i Fòsfor;200,00;1000;0;0;0,58;0;0,00;GÓSOL;1;Torrent de la Coma;118;88;206
DLGR;GRANADELLA, LA;251018;Granadella, la;Garrigues;Lleida;El Segre;Agència Catalana de l'Aigua;COMPANYIA GENERAL D'AIGÜES DE CATALUNYA, S.A.;2009;NA;Biològic amb eliminació de Nitrogen i Fòsfor;110,00;1100;0;0;3,42;0;0,00;GRANADELLA, LA;1;VALL MAJOR;387;325;712
DGTL;GRATALLOPS;430691;Gratallops;Priorat;Tarragona;L'Ebre;Agència Catalana de l'Aigua;SERVEIS INTEGRALS DE MANTENIMENT RUBATEC, SA;2019;NA;Biològic;65,00;509;0;1;1,37;0;0,00;Gratallops;1;Barranc del Bosquet;125;104;229
DGLBC;GUALBA;080977;Gualba;Vallès Oriental;Barcelona;La Tordera;Consorci Besòs Tordera;ACCIONA AGUA, S.A.U.;2002;NA;Llacunatge;207,00;1035;0;0;1,10;0;0,00;GUALBA(Gualba);1;Riera Gualba;769;731;1500
DGLS;GUILS DE CERDANYA;170828;Guils de Cerdanya;Cerdanya;Girona;El Segre;Consell Comarcal de la Cerdanya;ACSA-SAV-DAM (UTE EDAR LA CERDANYA);2000;NA;Biològic;521,00;1267;0;0;0,03;1;0,03;GUILS DE CERDANYA (Guils de Cerdanya);1;Torrent dels Llosers;288;249;537
DGDA;GUINGUETA D'ÀNEU, LA;259031;Guingueta d'Àneu;Pallars Sobirà;Lleida;La Noguera Pallaresa;Agència Catalana de l'Aigua;COMPANYIA GENERAL D'AIGÜES DE CATALUNYA, S.A.;2002;NA;Biològic amb eliminació de Nitrogen i Fòsfor;168,00;420;0;2;1,37;0;0,00;GUINGUETA D'ÀNEU;1;PANTÀ DE LA TORRASSA;159;138;297
DGGAO;ESCALÓ;259031;Guingueta d'Àneu;Pallars Sobirà;Lleida;La Noguera Pallaresa;Agència Catalana de l'Aigua;COMPANYIA GENERAL D'AIGÜES DE CATALUNYA, S.A.;2011;NA;Biològic;80,00;400;0;1;0,19;0;0,00;GUINGUETA D'ÀNEU (Escaló);1;riu Escart;159;138;297
DGSN;GUISSONA;251109;Guissona;Segarra;Lleida;El Segre;Ajuntament Guissona;SOREA;1991;NA;Llacunatge amb eliminació de Fòsfor;2007,00;10035;0;0;3,13;0;0,00;GUISSONA;1;TORRENT DEL PASSARELL;3810;3326;7136
DHSJ;HORTA DE SANT JOAN;430712;Horta de Sant Joan;Terra Alta;Tarragona;L'Ebre;Agència Catalana de l'Aigua;SERVEIS INTEGRALS DE MANTENIMENT RUBATEC, SA;2015;NA;Biològic;753,20;5398;0;NA;1,80;0;0,00;HORTA DE SANT JOAN;1;Barranc les vinyasses;602;547;1149
DHOP;HOSTALETS DE PIEROLA, ELS;081629;Hostalets de Pierola, els;Anoia;Barcelona;El Llobregat;Agència Catalana de l'Aigua;UTE ACSA-SAV-DAM (UTE EDAR VALLBONA);1998;NA;Tractament extensiu;500,00;2083;0;2;2,70;0;0,00;HOSTALETS DE PIEROLA (Hostalets de Pierola);1;Riera Claret;1518;1455;2973
DHTR;HOSTALRIC;170834;Hostalric;Selva;Girona;La Tordera;Consell Comarcal de la Selva;ACCIONA AGUA, S.A.U.;1997;NA;Biològic amb eliminació de Nitrogen;1025,00;6492;0;3;3,40;0;0,00;HOSTALRIC (Hostalric);1;Riera Arbucies;2130;2091;4221
DIVN;IVARS DE NOGUERA;251121;Ivars de Noguera;Noguera;Lleida;La Noguera Ribagorçana;Agència Catalana de l'Aigua;COMPANYIA GENERAL D'AIGÜES DE CATALUNYA, S.A.;2011;NA;Biològic;125,00;781;0;0;0,31;0;0,00;IVARS DE NOGUERA;1;riu Noguera Ribagorçana;171;163;334
DJOR;JORBA;081038;Jorba;Anoia;Barcelona;El Llobregat;Agència Catalana de l'Aigua;UTE ACSA-SAV-DAM (GRUP IGUALADA);2010;NA;Biològic;200,00;833;0;0;1,20;0;0,00;JORBA;1;Riu Anoia;424;411;835
DCIPC;COMA I LA PEDRA , LA;251636;Coma i la Pedra;Solsonès;Lleida;El Llobregat;Agència Catalana de l'Aigua;CADAGUA;2009;NA;Biològic;225,00;500;2;0;0,10;0;0,00;LA COMA I LA PEDRA (La Coma i La Pedra);1;Riu Cardener;157;108;265
DJON;JONQUERA, LA;170865;Jonquera, la;Alt Empordà;Girona;La Muga;Agència Catalana de l'Aigua;COMPANYIA GENERAL D'AIGÜES DE CATALUNYA, S.A.;1981;2009;Biològic amb eliminació de Nitrogen i Fòsfor;3572,00;25421;0;0;0,00;0;0,00;LA JONQUERA(la Jonquera);1;Riu Llobregat d'Empordà;1637;1653;3290
DPOR;PORTELLA, LA;251749;Portella, la;Segrià;Lleida;La Noguera Ribagorçana;Agència Catalana de l'Aigua;SIM RUBATEC, S.A.-M. Y J. GRUAS, S.A. UTE;2011;NA;Biològic;302,00;1510;0;1;1,83;0;0,00;LA PORTELLA;1;riu Noguera Ribagorçana;412;316;728
DVBHD;HOSTALETS D'EN BAS (VALL D'EN BAS);172076;Vall d'en Bas, la;Garrotxa;Girona;El Fluvià;Consell Comarcal de la Garrotxa;AQUAMBIENTE SERVICIOS PARA EL SECTOR DEL AGUA SAU;1997;NA;Biològic;70,00;350;0;0;0,00;0;0,00;LA VALL D'EN BAS(Hostalets d'en Bas);1;Torrent Can Bianya;1553;1519;3072
DBARD;DURRO;250432;Vall de Boí, la;Alta Ribagorça;Lleida;La Noguera Ribagorçana;Agència Catalana de l'Aigua;CADAGUA;2010;NA;Biològic;80,00;400;0;0;0,03;0;0,00;LA VALL DE BOÍ (Durro);1;BARRANC DEL SOLER;546;475;1021
DLES;LES;251214;Les;Val d'Aran;Lleida;La Garona;Conselh Generau d'Aran;UTE EDAR VALL D'ARAN (ACSA-SAV-DAM);1998;NA;Biològic;1125,00;2812;0;0;0,70;0;0,00;LÉS;1;ARRIU GARONA;463;483;946
DLIN;LINYOLA;251229;Linyola;Pla d'Urgell;Lleida;El Segre;Consell Comarcal del Pla d'Urgell;UTE DEPURPLA 2;2001;NA;Biològic;1160,00;3093;0;0;3,04;0;0,00;LINYOLA;1;BARRANC DE LA BOVERA;1365;1335;2700
DLBLC;LLAMBILLES;170904;Llambilles;Gironès;Girona;El Ter;Agència Catalana de l'Aigua;UTE PSARU TER-DARÓ (ACSA AGBAR CONSTRUCCIÓN, SA.-SOREA, SA.-CONST. DE CALAF, SA);2012;NA;Biològic;276,60;1153;0;0;0,02;0;0,00;LLAMBILLES;1;riu Bugantó;359;337;696
DLDC;LLARDECANS;251253;Llardecans;Segrià;Lleida;L'Ebre;Ajuntament Llardecans;COMPANYIA GENERAL D'AIGÜES DE CATALUNYA, S.A.;1998;NA;Llacunatge;273,00;629;0;0;0,69;0;0,00;LLARDECANS;1;VALL MAJOR;236;215;451
DMDM;MAIÀ DE MONTCAL;170985;Maià de Montcal;Garrotxa;Girona;El Fluvià;Consell Comarcal de la Garrotxa;AQUAMBIENTE SERVICIOS PARA EL SECTOR DEL AGUA SAU;1999;NA;Biològic;50,00;348;0;0;0,00;0;0,00;MAIÀ DE MONTCAL(Maià de Montcal);1;Riera de Maià;251;198;449
DMAI;MAIALS;251333;Maials;Segrià;Lleida;L'Ebre;Agència Catalana de l'Aigua;SIM RUBATEC, S.A.-M. Y J. GRUAS, S.A. UTE;2009;NA;Biològic amb eliminació de Nitrogen;180,00;1080;0;0;0,40;0;0,00;MAIALS;1;VALL DE LES ALZINETES;517;403;920
DMÇA1;MARÇÀ;430764;Marçà;Priorat;Tarragona;L'Ebre;Agència Catalana de l'Aigua;SERVEIS INTEGRALS DE MANTENIMENT RUBATEC, SA;2017;NA;Biològic;140,00;933;0;2;0,82;0;0,00;Marçà;1;Riera de Marçà;314;280;594
DMSD;MASDENVERGE;430786;Masdenverge;Montsià;Tarragona;L'Ebre;Consell Comarcal del Montsià;ACCIONA AGUA, S.A.U.;2002;NA;Biològic;150,00;875;0;0;1,20;0;0,00;MASDENVERGE (Masdenverge);1;Barranc de la Galera;546;524;1070
DMSF;MASQUEFA;081192;Masquefa;Anoia;Barcelona;El Llobregat;Agència Catalana de l'Aigua;UTE ACSA-SAV-DAM (UTE EDAR VALLBONA);2002;NA;Biològic amb eliminació de Nitrogen i Fòsfor;3400,00;19833;0;4;11,00;0;0,00;MASQUEFA (Masquefa);1;Torrent de la Fontsanta;4641;4570;9211
DMRGP;MAS-ROIG (BARRANC DEL POU);430825;Masroig, el;Priorat;Tarragona;L'Ebre;Agència Catalana de l'Aigua;SERVEIS INTEGRALS DE MANTENIMENT RUBATEC, SA;2002;NA;Llacunatge;105,00;642;0;0;0,00;0;0,00;MASROIG (Masroig);1;Barranc del Pou;270;227;497
DMSN;MASSANES;171019;Massanes;Selva;Girona;La Tordera;Consell Comarcal de la Selva;ACCIONA AGUA, S.A.U.;2013;NA;Biològic amb eliminació de Nitrogen;54,00;360;0;0;NA;0;0,00;MASSANES (Massanes);1;torrent innominat, afluent Teuleria;405;356;761
DMTP;MATADEPERA;081206;Matadepera;Vallès Occidental;Barcelona;El Besòs;Ajuntament Matadepera;COMPANYIA GENERAL D'AIGÜES DE CATALUNYA, S.A.;1995;NA;Biològic;1500,00;8125;0;2;11,40;0;0,00;MATADEPERA (Matadepera);1;Torrent de la Betzuca;4657;4669;9326
DMOI;MOIÀ;081385;Moià;Moianès;Barcelona;El Llobregat;Ajuntament Moià;UTE NOVA EDAR MOIÀ;1999;2020;Biològic;2930,00;12133;0;1;4,90;0;0,00;MOIÀ (Moià);1;Riera de Castellnou;3190;3077;6267
DMOL;MOLAR, EL;430859;Molar, el;Priorat;Tarragona;L'Ebre;Agència Catalana de l'Aigua;SERVEIS INTEGRALS DE MANTENIMENT RUBATEC, SA;2008;NA;Biològic amb eliminació de Nitrogen;45,00;435;0;0;0,29;0;0,00;MOLAR, EL (Molar, El);1;Barranc del Bartolí;158;139;297
DMLO2;MOLLÓ;171077;Molló;Ripollès;Girona;El Ter;Agència Catalana de l'Aigua;UTE PSARU TER-DARÓ (ACSA AGBAR CONSTRUCCIÓN, SA.-SOREA, SA.-CONST. DE CALAF, SA);2014;NA;Biològic amb eliminació de Nitrogen i Fòsfor;101,60;423;0;0;0,02;0;0,00;MOLLÓ (nucli);1;riu Ritort;162;175;337
DMDC;MONISTROL DE CALDERS;081287;Monistrol de Calders;Moianès;Barcelona;El Llobregat;Agència Catalana de l'Aigua;UTE PSARU LLOBREGAT NORD (OMS SACEDE, SAU-CESMED AMBIENTAL, SL);2013;NA;Biològic;286,80;1912;0;2;2,75;0;0,00;MONISTROL DE CALDERS (Monistrol de Calders);1;riu Calders;357;325;682
DMON;MONISTROL DE MONTSERRAT;081271;Monistrol de Montserrat;Bages;Barcelona;El Llobregat;Agència Catalana de l'Aigua;ACSA-SAV-DAM UTE ABRERA;1994;2019;Biològic;3300,00;37510;0;2;2,70;0;0,00;MONISTROL DE MONTSERRAT (Monistrol de Montserrat);1;Riu Llobregat;1551;1483;3034
DMOB;MONTBLANC;430862;Montblanc;Conca de Barberà;Tarragona;El Francolí;Consell Comarcal de la Conca de Barberà;UTE CONCA DE BARBERÀ (DAM-ACCIONA);2005;NA;Biològic amb eliminació de Nitrogen;2756,00;25585;0;0;2,20;0;0,00;MONTBLANC (Montblanc);1;Riu Anguera;3737;3627;7364
DMTB;MONTBRIÓ DEL CAMP;430884;Montbrió del Camp;Baix Camp;Tarragona;Riudecanyes;Consell Comarcal del Baix Camp;COMAIGUA, SL;2011;NA;Biològic;910,00;3424;0;0;0,70;0;0,00;MONTBRIÓ DEL CAMP;1;Riera de Montbrió;1485;1405;2890
PTMTQ;MONTESQUIU (pretractament);081311;Montesquiu;Osona;Barcelona;El Ter;Ajuntament Montesquiu;AJUNTAMENT DE MONTESQUIU;1990;NA;Tractament adequat;NA;NA;0;0;NA;0;0,00;MONTESQUIU (Montesquiu);1;Riu Ter;501;497;998
DMMJ;MONTMAJOR;081304;Montclar;Berguedà;Barcelona;El Llobregat;Agència Catalana de l'Aigua;UTE PSARU LLOBREGAT NORD (OMS SACEDE, SAU-CESMED AMBIENTAL, SL);2013;NA;Biològic;32,00;271;1;0;0,00;0;0,00;MONTMAJOR;1;torrent de Valls;71;65;136
DMSY;MONTSENY;081379;Montseny;Vallès Oriental;Barcelona;La Tordera;Consorci Besòs Tordera;UTE OBRA I MANTENIMENT EDAR MONTSENY;2021;NA;Biològic amb eliminació de Nitrogen;75,00;675;0;0;0,00;0;0,00;Montseny;1;Riera de Sant Marçal;179;163;342
DMURA;MURA;081398;Mura;Bages;Barcelona;El Llobregat;Agència Catalana de l'Aigua;UTE PSARU LLOBREGAT NORD (OMS SACEDE, SAU-CESMED AMBIENTAL, SL);2020;NA;Biològic amb eliminació de Nitrogen i Fòsfor;288,77;1822;0;1;1,24;0;0,00;Mura;1;Riera de Nespres;122;102;224
DODAE;ESPELT;081430;Òdena;Anoia;Barcelona;El Llobregat;Ajuntament Òdena;AIGUA DE RIGAT;2019;NA;Biològic;115,00;671;0;0;0,00;0;0,00;Òdena;1;Torrent del Canet;1848;1795;3643
DODLM;SANT MIQUEL D'OLÈRDOLA;081458;Olèrdola;Alt Penedès;Barcelona;Rieres del Garraf;Mancomunitat Penedès-Garraf;Mancomunitat Penedès-Garraf;1991;NA;Tractament adequat;75,00;NA;1;0;0,50;0;0,00;OLÈRDOLA (Sant Miquel);1;Torrent de la Seguera;1900;1792;3692
DOLI;OLIANA;251497;Oliana;Alt Urgell;Lleida;El Segre;Agència Catalana de l'Aigua;COMPANYIA GENERAL D'AIGÜES DE CATALUNYA, S.A.;1996;NA;Biològic;750,00;3000;0;0;1,60;0;0,00;OLIANA;1;DESGUÀS DEL MOLÍ;906;904;1810
DOLS;OLOST;081496;Olost;Osona;Barcelona;El Llobregat;Consell Comarcal d'Osona;Depuradores d'Osona;1999;NA;Biològic;500,00;2000;0;0;0,88;0;0,00;OLOST (Olost);1;Riera d'Olost;588;610;1198
DORIB;CAN BRANQUES;081509;Orís;Osona;Barcelona;El Ter;Consell Comarcal d'Osona;Depuradores d'Osona;2013;NA;Biològic;40,00;200;0;0;0,00;0;0,00;ORÍS (Can Branques);1;torrent de la font de Fontferri;159;156;315
DORR;ÒRRIUS;081537;Òrrius;Maresme;Barcelona;Rieres del Maresme;Consell Comarcal del Maresme;SIMMAR;1992;NA;Biològic amb eliminació de Nitrogen;400,00;2000;0;0;1,50;0;0,00;ORRIUS (Òrrius);1;Riera d'Òrrius;381;358;739
DOSOR;OSOR;171169;Osor;Selva;Girona;El Ter;Agència Catalana de l'Aigua;UTE PSARU TER-DARÓ (ACSA AGBAR CONSTRUCCIÓN, SA.-SOREA, SA.-CONST. DE CALAF, SA);2014;NA;Biològic;107,60;493;0;1;1,46;0;0,00;OSOR;1;riera d'Osor;227;201;428
DLPE;PALMA D'EBRE, LA;430995;Palma d'Ebre, la;Ribera d'Ebre;Tarragona;L'Ebre;Agència Catalana de l'Aigua;SERVEIS INTEGRALS DE MANTENIMENT RUBATEC, SA;2008;NA;Biològic;55,00;389;0;0;0,10;0;0,00;PALMA D'EBRE (Palma d'Ebre);1;Barranc dels Montblanquets;166;174;340
DPDN;PARDINES;171254;Pardines;Ripollès;Girona;El Ter;Agència Catalana de l'Aigua;UTE PSARU TER-DARÓ (ACSA AGBAR CONSTRUCCIÓN, SA.-SOREA, SA.-CONST. DE CALAF, SA);2012;NA;Biològic;27,72;115;0;0;0,14;0;0,00;PARDINES (Pardines);1;torrent innominat;89;73;162
DPLV;PARLAVÀ;171267;Parlavà;Baix Empordà;Girona;El Daró;Agència Catalana de l'Aigua;UTE PSARU TER-DARÓ (ACSA AGBAR CONSTRUCCIÓN, SA.-SOREA, SA.-CONST. DE CALAF, SA);2012;NA;Biològic amb eliminació de Nitrogen i Fòsfor;147,36;614;0;0;0,00;0;0,00;PARLAVÀ (Parlavà);1;riera Esquerrana;199;195;394
DPRL;PERALADA;171328;Peralada;Alt Empordà;Girona;La Muga;Agència Catalana de l'Aigua;COMPANYIA GENERAL D'AIGÜES DE CATALUNYA, S.A.;2006;NA;Biològic amb eliminació de Nitrogen i Fòsfor;696,00;4002;0;1;0,78;0;0,00;PERALADA;1;Riu La Muga;906;944;1850
DPER;PERELLÓ, EL;431042;Perelló, el;Baix Ebre;Tarragona;Rieres de la costa entre l'Ametlla i Alcanar;Consell Comarcal del Baix Ebre;ACCIONA AGUA, S.A.U.;1994;NA;Llacunatge;875,00;5833;0;0;1,40;0;0,00;PERELLÓ, EL (Perelló, El);1;Barranc del Boc;1421;1349;2770
DPIE;PIERA;081614;Piera;Anoia;Barcelona;El Llobregat;Agència Catalana de l'Aigua;UTE ACSA-SAV-DAM (UTE EDAR VALLBONA);1995;NA;Biològic amb eliminació de Nitrogen i amb tractament Terciari;4000,00;18333;0;2;14,50;0;0,00;PIERA (Piera);1;Riera Ginovarda;7976;7627;15603
DPDB;PINELL DEL BRAI;431068;Pinell de Brai, el;Terra Alta;Tarragona;L'Ebre;Agència Catalana de l'Aigua;SERVEIS INTEGRALS DE MANTENIMENT RUBATEC, SA;2006;NA;Biològic amb eliminació de Nitrogen;233,00;2198;0;0;0,19;0;0,00;PINELL DEL BRAI (Pinell del Brai);1;Barranc de la Teuleria;516;501;1017
DPDM;PLA DE SANTA MARIA, EL;431080;Pla de Santa Maria, el;Alt Camp;Tarragona;El Francolí;Agència Catalana de l'Aigua;UTE EDAR TORREDEMBARRA II (ACSA-DAM);1993;2020;Biològic;620,00;5145;0;0;2,84;0;0,00;PLA DE STA. MARIA (El Pla de Sta. Maria);1;Aiguamolls de El Plà de Santa Maria;1215;1112;2327
DPDP;PLA DEL PENEDÈS;081640;Pla del Penedès, el;Alt Penedès;Barcelona;El Llobregat;Mancomunitat Penedès-Garraf;COMPANYIA GENERAL D'AIGÜES DE CATALUNYA, S.A.;2010;NA;Biològic;360,00;1770;0;0;1,00;0;0,00;PLA DEL PENEDÈS;1;Torrent de Mas Rovira;636;620;1256
DPLA;PLANOLES;171349;Planoles;Ripollès;Girona;El Ter;Consell Comarcal del Ripollès;CADAGUA;1994;NA;Tractament extensiu;200,00;833;0;0;2,00;0;0,00;PLANOLES (Planoles);1;Rigat;157;131;288
DPOBL;POBLA DE LILLET;081666;Pobla de Lillet, la;Berguedà;Barcelona;El Llobregat;Consell Comarcal del Berguedà;AQUAMBIENTE SERVICIOS PARA EL SECTOR DEL AGUA SAU;2011;NA;Biològic amb eliminació de Nitrogen i Fòsfor;600,00;3500;0;0;1,67;0;0,00;POBLA DE LILLET;1;riu Llobregat;528;567;1095
DPBL;POBOLEDA;431129;Poboleda;Priorat;Tarragona;L'Ebre;Agència Catalana de l'Aigua;SERVEIS INTEGRALS DE MANTENIMENT RUBATEC, SA;2008;NA;Biològic amb eliminació de Nitrogen;75,00;775;0;0;0,06;0;0,00;POBOLEDA (Poboleda);1;Riu Siurana;166;147;313
DPSU;PONT DE SUERT, EL;251734;Pont de Suert, el;Alta Ribagorça;Lleida;La Noguera Ribagorçana;Agència Catalana de l'Aigua;CADAGUA;1995;NA;Biològic amb eliminació de Nitrogen i Fòsfor;1080,00;5400;0;1;1,53;0;0,00;PONT DE SUERT;1;RIU NOGUERA RIBAGORÇANA;1107;1113;2220
DPON;PONTS;251728;Ponts;Noguera;Lleida;El Segre;Agència Catalana de l'Aigua;COMPANYIA GENERAL D'AIGÜES DE CATALUNYA, S.A.;1995;NA;Biològic;720,00;3300;0;0;1,13;0;0,00;PONTS;1;SÈQUIA DE PONTS;1305;1296;2601
DPRR;PORRERA;431140;Porrera;Priorat;Tarragona;L'Ebre;Agència Catalana de l'Aigua;SERVEIS INTEGRALS DE MANTENIMENT RUBATEC, SA;2017;NA;Biològic;215,00;716;0;1;0,62;0;0,00;Porrera;1;Riu Siurana;229;210;439
DPOB;PORTBOU;171387;Portbou;Alt Empordà;Girona;Rieres de la costa entre la frontera amb França i Lloret de Mar;Consorci d'Aigües Costa Brava Girona;UTE SERVICIO DE SISTEMAS DE SANEAMIENTO EN ALTA CCB-ELA;1974;1997;Biològic amb tractament Terciari;4500,00;15200;0;1;3,10;0;0,00;PORTBOU;1;Mar Mediterrani;528;547;1075
DPRA;PRADES;431166;Prades;Baix Camp;Tarragona;L'Ebre;Consell Comarcal del Baix Camp;COMAIGUA, SL;2013;NA;Biològic amb eliminació de Nitrogen i Fòsfor;730,00;3650;0;0;1,80;0;0,00;PRADES;1;riu de Prades;309;280;589
DPDC;PRAT DE COMTE;431172;Prat de Comte;Terra Alta;Tarragona;L'Ebre;Agència Catalana de l'Aigua;SERVEIS INTEGRALS DE MANTENIMENT RUBATEC, SA;2021;NA;Biològic;60,00;422;0;1;0,25;0;0,00;PRAT DE COMTE;1;Torrent de Xalamera;98;85;183
DPLL;PRATS DEL LLUÇANÈS;081712;Prats de Lluçanès;Osona;Barcelona;El Llobregat;Consell Comarcal d'Osona;Depuradores d'Osona;1999;2008;Biològic amb eliminació de Nitrogen i Fòsfor;875,00;4375;0;0;0,95;0;0,00;PRATS DE LLUÇANÈS (Prats de Lluçanès);1;El Medrinyol;1280;1289;2569
DPRSP;PRATS;251752;Prats i Sansor;Cerdanya;Lleida;El Segre;Consell Comarcal de la Cerdanya;ACSA-SAV-DAM (UTE EDAR LA CERDANYA);1999;NA;Biològic;250,00;500;0;0;0,45;0;0,03;PRATS I SANSOR (Prats);1;Riu Segre;114;105;219
DPGR;PUIG-REIG;081751;Puig-Reig;Berguedà;Barcelona;El Llobregat;Consell Comarcal del Berguedà;AQUAMBIENTE SERVICIOS PARA EL SECTOR DEL AGUA SAU;2005;NA;Biològic;1317,00;8538;0;4;2,77;0;0,00;PUIG-REIG (Puig-reig);1;Riu Llobregat;2086;2092;4178
DQRT1;QUART;171426;Quart;Gironès;Girona;El Ter;Agència Catalana de l'Aigua;UTE PSARU TER-DARÓ (ACSA AGBAR CONSTRUCCIÓN, SA.-SOREA, SA.-CONST. DE CALAF, SA);2013;NA;Biològic;600,00;2750;0;4;3,63;0;0,00;QUART (Quart, Palol d'Onyar);1;riu Onyar;1855;1869;3724
DQRB;QUERALBS;170433;Queralbs;Ripollès;Girona;El Ter;Agència Catalana de l'Aigua;UTE PSARU TER-DARÓ (ACSA AGBAR CONSTRUCCIÓN, SA.-SOREA, SA.-CONST. DE CALAF, SA);2012;NA;Biològic amb eliminació de Nitrogen i Fòsfor;300,00;1250;0;0;0,47;0;0,00;QUERALBS (Queralbs);1;riera de l'Extremera;104;87;191
DRQR;RASQUERA;431212;Rasquera;Ribera d'Ebre;Tarragona;L'Ebre;Agència Catalana de l'Aigua;SERVEIS INTEGRALS DE MANTENIMENT RUBATEC, SA;2018;NA;Biològic;135,00;1125;0;1;0,83;0;0,00;RASQUERA;1;barranc de les Valletes;384;397;781
DRNU;RENAU;431227;Renau;Tarragonès;Tarragona;El Gaià;Ajuntament Renau;EMATSA;2011;NA;Biològic;60,00;300;0;0;0,14;0;0,00;RENAU;1;torrent de Renau;82;75;157
DRIA;RIALP;251832;Rialp;Pallars Sobirà;Lleida;La Noguera Pallaresa;Agència Catalana de l'Aigua;COMPANYIA GENERAL D'AIGÜES DE CATALUNYA, S.A.;2002;NA;Biològic amb eliminació de Nitrogen i Fòsfor;1152,00;2880;0;1;0,78;0;0,00;RIALP;1;RIU NOGUERA PALLARESA;330;331;661
DRIF;RIBES DE FRESER;171450;Ribes de Freser;Ripollès;Girona;El Ter;Consell Comarcal del Ripollès;CADAGUA;1992;2014;Biològic;2350,00;7912;0;0;2,50;0;0,00;RIBES DE FRESER (Ribes de Freser);1;Riu Freser;882;872;1754
DRINS;SÚ;251863;Riner;Solsonès;Lleida;El Llobregat;Agència Catalana de l'Aigua;CADAGUA;2002;NA;Biològic;30,00;154;0;0;0,50;0;0,00;RINER (Sú);1;Riera de Matamargó;132;131;263
DRDC;RIUDECANYES;431270;Riudecanyes;Baix Camp;Tarragona;Riudecanyes;Consell Comarcal del Baix Camp;COMAIGUA, SL;2002;NA;Llacunatge;115,00;600;0;0;0,83;0;0,00;RIUDECANYES (Riudecanyes);1;Riera de Riudecanyes;590;534;1124
DRIS;RIUDECOLS;431286;Riudecols;Baix Camp;Tarragona;Rieres de la costa entre Cunit i Vandellòs i l'Hospitalet de l'Infant;Consell Comarcal del Baix Camp;COMAIGUA, SL;2006;NA;Biològic amb eliminació de Nitrogen;435,00;1813;0;0;0,84;0;0,00;RIUDECOLS (Riudecols);1;Riera de Riudecols;611;569;1180
DRIU;RIUDOMS;431299;Riudoms;Baix Camp;Tarragona;Rieres de la costa entre Cunit i Vandellòs i l'Hospitalet de l'Infant;Consell Comarcal del Baix Camp;COMAIGUA, SL;1992;NA;Biològic;1000,00;8330;0;0;1,73;0;0,00;RIUDOMS (Riudoms);1;Riera de Riudoms;3380;3214;6594
DROS;ROSSELLÓ;251898;Rosselló;Segrià;Lleida;El Segre;Agència Catalana de l'Aigua;SIM RUBATEC, S.A.-M. Y J. GRUAS, S.A. UTE;1993;2006;Biològic amb eliminació de Fòsfor;800,00;4000;0;0;1,12;0;0,00;ROSSELLÓ;1;CLAMOR DE LA TOSA;1602;1543;3145
DRPA;RUPIÀ;171539;Rupià;Baix Empordà;Girona;El Ter;Agència Catalana de l'Aigua;UTE PSARU TER-DARÓ (ACSA AGBAR CONSTRUCCIÓN, SA.-SOREA, SA.-CONST. DE CALAF, SA);2012;NA;Biològic amb eliminació de Nitrogen i Fòsfor;136,00;567;0;0;0,63;0;0,00;RUPIÀ ( Rupià);1;riera de Rupià;138;134;272
DSDP;SALÀS DE PALLARS;251902;Salàs de Pallars;Pallars Jussà;Lleida;La Noguera Pallaresa;Consell Comarcal del Pallars Jussà;COMPANYIA GENERAL D'AIGÜES DE CATALUNYA, S.A.;2011;NA;Biològic;197,00;938;0;0;2,03;0;0,00;SALÀS DE PALLARS;1;barranc de Sant Pere;174;146;320
DSCR;SANT CARLES DE LA RÀPITA;431362;Sant Carles de la Ràpita;Montsià;Tarragona;Rieres de la costa entre l'Ametlla i Alcanar;Consell Comarcal del Montsià;ACCIONA AGUA, S.A.U.;1996;2008;Biològic amb eliminació de Nitrogen i Fòsfor i amb tractament Terciari;6310,00;28921;0;1;2,98;0;0,00;SANT CARLES DE LA RÀPITA (St. Carles de la Ràpita);1;Badia dels Alfacs / Mar Mediterrani;7238;7551;14789
DCRCC;SANT CORNELI DE CERCS;082687;Cercs;Berguedà;Barcelona;El Llobregat;Consell Comarcal del Berguedà;AQUAMBIENTE SERVICIOS PARA EL SECTOR DEL AGUA SAU;2009;NA;Biològic;50,00;275;0;0;0,10;0;0,00;SANT CORNELI DE CERCS (Cercs);1;Torrent de Sant Romà;577;568;1145
DSFC;SANT FELIU DE CODINES;082107;Sant Feliu de Codines;Vallès Oriental;Barcelona;El Besòs;Consorci Besòs Tordera;AQUAMBIENTE SERVICIOS PARA EL SECTOR DEL AGUA SAU;1995;NA;Biològic amb eliminació de Nitrogen;2900,00;12083;0;2;4,00;0;0,00;SANT FELIU DE CODINES;1;Riera de Villar (riu Tenes);3168;3091;6259
DSFS;SANT FELIU SASSERRA;082129;Sant Feliu Sasserra;Bages;Barcelona;El Llobregat;Agència Catalana de l'Aigua;UTE PSARU LLOBREGAT NORD (OMS SACEDE, SAU-CESMED AMBIENTAL, SL);2015;NA;Biològic;340,00;1983;0;0;0,86;0;0,00;SANT FELIU SASSERRA;1;Torrent de Llobartera;312;290;602
DSGR;SANT GREGORI;171637;Sant Gregori;Gironès;Girona;El Ter;Ajuntament Sant Gregori;Ajuntament de Sant Gregori;1988;NA;Llacunatge;240,00;1200;0;0;1,60;0;0,00;SANT GREGORI (Sant Gregori);1;Riera Llèmena;1959;1858;3817
DSGF;SANT GUIM DE FREIXENET;251924;Sant Guim de Freixenet;Segarra;Lleida;El Segre;Ajuntament Sant Guim de Freixenet;AJUNTAMENT DE SANT GUIM;1994;NA;Llacunatge;200,00;1000;0;0;1,37;0;0,00;SANT GUIM DE FREIXENET;1;RIERA DE FREIXENET;538;487;1025
DSHS;SANT HILARI SACALM;171642;Sant Hilari Sacalm;Selva;Girona;El Ter;Ajuntament Sant Hilari Sacalm;SOREA;1992;NA;Llacunatge;2400,00;12000;0;0;1,00;0;0,00;SANT HILARI DE SACALM(Sant Hilari de Sacalm);1;Riera d'Osor;2843;2784;5627
DSJE;SANT JAUME D'ENVEJA;439023;Sant Jaume d'Enveja;Montsià;Tarragona;L'Ebre;Consell Comarcal del Montsià;ACCIONA AGUA, S.A.U.;2016;NA;Biològic;2426,00;2936;0;3;5,07;0;0,00;SANT JAUME D'ENVEJA;1;riu Ebre;1765;1738;3503
DSJA;SANT JOAN DE LES ABADESSES;171674;Sant Joan de les Abadesses;Ripollès;Girona;El Ter;Consell Comarcal del Ripollès;CADAGUA;1995;NA;Biològic;1350,00;6750;0;1;5,00;0;0,00;SANT JOAN DE LES ABADESSES (Sant Joan de les Abadesses);1;Riu Ter;1604;1628;3232
DSJFB;BEGUDÀ;171851;Sant Joan les Fonts;Garrotxa;Girona;El Fluvià;Consell Comarcal de la Garrotxa;AQUAMBIENTE SERVICIOS PARA EL SECTOR DEL AGUA SAU;2006;NA;Biològic amb eliminació de Nitrogen;1300,00;7583;0;2;1,00;0;0,00;SANT JOAN LES FONTS(Begudà);1;Riu Turonell;1541;1465;3006
DSJC;SANT JULIÀ DE CERDANYOLA;089030;Sant Julià de Cerdanyola;Berguedà;Barcelona;El Llobregat;Agència Catalana de l'Aigua;UTE PSARU LLOBREGAT NORD (OMS SACEDE, SAU-CESMED AMBIENTAL, SL);2020;NA;Biològic amb eliminació de Nitrogen i Fòsfor;167,99;840;0;0;0,28;0;0,00;Sant Julià de Cerdanyola;1;Torrent de la Font del Castell;125;103;228
DSLH;SANT LLORENÇ D'HORTONS;082227;Sant Llorenç d'Hortons;Alt Penedès;Barcelona;El Llobregat;Ajuntament Sant Llorenç d'Hortons;SOREA;1985;NA;Biològic;400,00;2000;0;0;1,50;0;0,00;SANT LLORENÇ D'HORTONS (Sant Llorenç d'Hortons);1;Torrent de Can Serra;1226;1187;2413
DSLO;SANT LLORENÇ DE MORUNYS;251116;Guixers;Solsonès;Lleida;El Llobregat;Agència Catalana de l'Aigua;CADAGUA;2000;NA;Biològic amb eliminació de Nitrogen i Fòsfor;624,00;3630;0;0;1,00;0;0,00;SANT LLORENÇ DE MORUNYS (Sant llorenç de Morunys);1;Pantà La Llosa del Cavall;84;50;134
DSLS;SANT LLORENÇ SAVALL;082233;Sant Llorenç Savall;Vallès Occidental;Barcelona;El Besòs;Consorci Besòs Tordera;AQUAMBIENTE SERVICIOS PARA EL SECTOR DEL AGUA SAU;1993;NA;Biològic;900,00;3000;0;0;0,60;0;0,00;SANT LLORENÇ SAVALL (Sant Llorenç Savall);1;Riu Ripoll;1197;1176;2373
DSMS;SANT MARTÍ DE SESGUEIOLES;082286;Sant Martí Sesgueioles;Anoia;Barcelona;El Llobregat;Agència Catalana de l'Aigua;UTE ACSA-SAV-DAM (GRUP IGUALADA);1999;NA;Llacunatge;150,00;550;0;0;0,10;0;0,00;SANT MARTÍ DE SESGUEIOLES (Sant Martí de Sesgueioles);1;Riera de Sant Martí de Sesgeioles;176;167;343
DSMT;SANT MARTÍ DE TOUS;082264;Sant Martí de Tous;Anoia;Barcelona;El Llobregat;Agència Catalana de l'Aigua;UTE ACSA-SAV-DAM (GRUP IGUALADA);2006;NA;Biològic amb eliminació de Nitrogen;240,00;968;0;1;2,50;0;0,00;SANT MARTÍ DE TOUS (Sant Martí de Tous);1;Riera de Tous;637;598;1235
DSMSH;SANT MARTÍ SARROCA (HOSTALETS);082270;Sant Martí Sarroca;Alt Penedès;Barcelona;El Foix;Mancomunitat Penedès-Garraf;Mancomunitat Penedès-Garraf;2010;NA;Biològic;50,00;200;0;0;0,10;0;0,00;SANT MARTÍ SARROCA (Hostalets);1;Riu Foix;1608;1656;3264
DSMF;SANT MIQUEL DE FLUVIÀ;171753;Sant Miquel de Fluvià;Alt Empordà;Girona;El Fluvià;Agència Catalana de l'Aigua;COMPANYIA GENERAL D'AIGÜES DE CATALUNYA, S.A.;1998;NA;Biològic;250,00;1667;0;0;0,00;0;0,00;SANT MIQUEL DE FLUVIÀ(Sant Miquel Fluvià);1;Riu Fluvià;397;367;764
DSPS;SANT PAU DE SEGÚRIES;171772;Sant Pau de Segúries;Ripollès;Girona;El Ter;Consell Comarcal del Ripollès;CADAGUA;1993;NA;Biològic;400,00;2000;0;2;1,50;0;0,00;SANT PAU DE SEGÚRIES (Sant Pau de Segúries);1;Riu Ter;347;350;697
DSPRS;SANT PERE SALLAVINERA;081897;Sant Pere Sallavinera;Anoia;Barcelona;El Llobregat;Agència Catalana de l'Aigua;UTE PSARU LLOBREGAT NORD (OMS SACEDE, SAU-CESMED AMBIENTAL, SL);2013;NA;Biològic;32,00;160;0;0;0,93;0;0,00;SANT PERE SALLAVINERA (Sant Pere Sallavinera);1;riera de Sant Pere;82;70;152
DSQB;SANT QUIRZE DE BESORA;082378;Sant Quirze de Besora;Osona;Barcelona;El Ter;Consell Comarcal d'Osona;Depuradores d'Osona;2016;NA;Biològic;600,00;3500;0;1;0,87;0;0,00;SANT QUIRZE DE BESORA;1;riu Ter;1054;1113;2167
DSSD;SANT SADURNÍ D'ANOIA;082732;Subirats;Alt Penedès;Barcelona;El Llobregat;Mancomunitat Penedès-Garraf;COMPANYIA GENERAL D'AIGÜES DE CATALUNYA, S.A.;1997;NA;Biològic amb eliminació de Nitrogen i Fòsfor;4018,00;45134;0;0;3,00;0;0,00;SANT SADURNÍ D'ANOIA (Sant Sadurní d'Anoia);1;Riu Laverno;1577;1467;3044
DSSG;SANT SALVADOR DE GUARDIOLA;080983;Sant Salvador de Guardiola;Bages;Barcelona;El Llobregat;Mancomunitat de municipis del Bages per al sanejament;AIGÜES DE MANRESA;1997;NA;Biològic amb eliminació de Nitrogen;1000,00;4167;0;0;8,00;0;0,00;SANT SALVADOR DE GUARDIOLA (Sant Salvador de Guardiola);1;Riera de Guardiola;1630;1549;3179
DSBR;SANTA BÀRBARA;431384;Santa Bàrbara;Montsià;Tarragona;L'Ebre;Consell Comarcal del Montsià;ACCIONA AGUA, S.A.U.;1998;NA;Llacunatge;780,00;5200;0;0;0,43;0;0,00;SANTA BARBARA (Sta. Bàrbara);1;Barranc Pelós;1881;1826;3707
DSCQ;SANTA COLOMA DE QUERALT;431397;Santa Coloma de Queralt;Conca de Barberà;Tarragona;El Gaià;Consell Comarcal de la Conca de Barberà;UTE CONCA DE BARBERÀ (DAM-ACCIONA);1993;NA;Biològic;1000,00;4667;0;0;0,80;0;0,00;SANTA COLOMA DE QUERALT (Sta. Coloma de Queralt);1;Riu Gaia;1328;1345;2673
DSEP;SANTA EULÀLIA DE RIUPRIMER;082476;Santa Eulàlia de Riuprimer;Osona;Barcelona;El Ter;Consell Comarcal d'Osona;Depuradores d'Osona;2001;NA;Biològic amb eliminació de Nitrogen i Fòsfor;500,00;2000;0;1;4,20;0;0,00;SANTA EULÀLIA DE RIUPRIMER (Santa Eulàlia de Riuprimer);1;Riu Meder;686;659;1345
DSMOR;ROVIROLA, LA;082589;Santa Maria d'Oló;Moianès;Barcelona;El Llobregat;Mancomunitat de municipis del Bages per al sanejament;AIGÜES DE MANRESA;2005;NA;Biològic;20,00;80;0;0;0,00;1;0,47;Santa Maria d'Oló;1;Rasa del Corral;521;504;1025
DSMB;SANTA MARIA DE BESORA;082536;Santa Maria de Besora;Osona;Barcelona;El Ter;Consell Comarcal d'Osona;Depuradores d'Osona;2011;NA;Biològic;100,20;418;0;0;0,38;0;0,00;SANTA MARIA DE BESORA;1;Torrent innominat_ Riu Ter;78;72;150
DSAP;SANTA PAU;171848;Santa Pau;Garrotxa;Girona;El Fluvià;Consell Comarcal de la Garrotxa;AQUAMBIENTE SERVICIOS PARA EL SECTOR DEL AGUA SAU;1998;NA;Biològic;300,00;1900;0;1;1,00;0;0,00;SANTA PAU;1;Riu Ser;792;773;1565
DSEC;SECUITA, LA;431444;Secuita, la;Tarragonès;Tarragona;El Francolí;Ajuntament Secuita, La;EMATSA;1986;NA;Biològic;150,00;650;0;0;0,50;0;0,00;SECUITA, LA (Secuita, La);1;Riu Francolí;851;836;1687
DSNN;SENAN;431460;Senan;Conca de Barberà;Tarragona;El Segre;Consell Comarcal de la Conca de Barberà;UTE CONCA DE BARBERÀ (DAM-ACCIONA);2009;NA;Biològic;22,50;150;0;0;0,05;0;0,00;SENAN (Senan);1;Fondalada dels pouets (infiltració subsòl);33;15;48
DSEN;SÉNIA, LA;430445;Sénia, la;Montsià;Tarragona;La Sènia;Consell Comarcal del Montsià;ACCIONA AGUA, S.A.U.;1996;2008;Biològic;1500,00;8750;0;0;2,40;0;0,00;SENIA, LA (Sènia, La, Els Plans);1;Riu Sènia;2844;2837;5681
DSNT;SENTERADA;252022;Senterada;Pallars Jussà;Lleida;La Noguera Pallaresa;Consell Comarcal del Pallars Jussà;COMPANYIA GENERAL D'AIGÜES DE CATALUNYA, S.A.;2012;NA;Biològic;100,00;500;0;1;1,17;0;0,00;SENTERADA (Senterada);1;riu Flamisell;80;57;137
DSENC;CAN CANYAMERES;082671;Sentmenat;Vallès Occidental;Barcelona;El Besòs;Consorci Besòs Tordera;AQUAMBIENTE SERVICIOS PARA EL SECTOR DEL AGUA SAU;2011;NA;Biològic;152,00;800;0;0;NA;0;0,00;SENTMENAT (Can Canyameres);1;Torrent de Can Canyameres;4611;4467;9078
DSERY;SERINYÀ;171903;Serinyà;Pla de l'Estany;Girona;El Fluvià;Consell Comarcal del Pla de l'Estany;REMONDIS AGUA, S.A.U;1997;NA;Biològic;220,00;880;0;0;0,16;0;0,00;SERINYÀ(Serinyà);1;Serinyadell;576;560;1136
DSDD;SERRA DE DARÓ;171910;Serra de Daró;Baix Empordà;Girona;El Daró;Agència Catalana de l'Aigua;UTE PSARU TER-DARÓ (ACSA AGBAR CONSTRUCCIÓN, SA.-SOREA, SA.-CONST. DE CALAF, SA);2012;NA;Biològic amb eliminació de Nitrogen i Fòsfor;341,60;1423;0;0;0,28;0;0,00;SERRA DE DARÓ (Serra de Daró);1;riera Grossa;122;99;221
DSETC;SETCASES;171925;Setcases;Ripollès;Girona;El Ter;Consell Comarcal del Ripollès;CADAGUA;2003;NA;Tractament adequat;900,00;2250;0;0;0,70;0;0,00;SETCASES (Setcases);1;Riu Ter;98;79;177
DSEV;SEVA;082690;Seva;Osona;Barcelona;El Ter;Consell Comarcal d'Osona;Depuradores d'Osona;1980;NA;Biològic;700,00;2858;0;1;2,43;0;0,00;SEVA (Seva);1;Rec de Can Cuixa;1784;1735;3519
DSLV;SOLIVELLA;431476;Solivella;Conca de Barberà;Tarragona;El Francolí;Consell Comarcal de la Conca de Barberà;UTE CONCA DE BARBERÀ (DAM-ACCIONA);2011;NA;Biològic amb eliminació de Nitrogen;300,00;2462;0;0;0,55;0;0,00;SOLIVELLA;1;Rasa del Molí;333;300;633
DSUBP;SANT PAU D'ORDAL;082732;Subirats;Alt Penedès;Barcelona;El Llobregat;Mancomunitat Penedès-Garraf;COMPANYIA GENERAL D'AIGÜES DE CATALUNYA, S.A.;1997;NA;Biològic;140,00;867;0;0;0,50;0;0,00;SUBIRATS (Sant Pau d'Ordal);1;Torrent de St. Pau;1577;1467;3044
DSUR;SÚRIA;082747;Súria;Bages;Barcelona;El Llobregat;Ajuntament Súria;SOCIEDAD GENERAL DE AGUAS DE BARCELONA, SA;1995;NA;Biològic;1705,00;15089;0;1;3,40;0;0,00;SÚRIA (Súria);1;Riu Cardener;2897;3045;5942
DTLC;TALAMANCA;082779;Talamanca;Bages;Barcelona;El Llobregat;Agència Catalana de l'Aigua;UTE PSARU LLOBREGAT NORD (OMS SACEDE, SAU-CESMED AMBIENTAL, SL);2017;NA;Biològic;200,40;1142;0;1;0,78;0;0,00;TALAMANCA;1;Torrent del Güell;115;91;206
DTAL;TARADELL;082785;Taradell;Osona;Barcelona;El Ter;Consell Comarcal d'Osona;Depuradores d'Osona;1993;NA;Biològic amb eliminació de Nitrogen i Fòsfor;2000,00;11667;0;3;8,30;0;0,00;TARADELL (Taradell);1;Riera de Taradell;3238;3251;6489
DTRG;TÀRREGA;252173;Tàrrega;Urgell;Lleida;El Segre;Ajuntament Tàrrega;SOCIEDAD GENERAL DE AGUAS DE BARCELONA, SA;1993;2010;Biològic amb eliminació de Nitrogen i Fòsfor;6800,00;39667;0;1;5,00;0;0,00;TÀRREGA;1;RIU ONDARA;8489;8609;17098
DTRE;TARRÉS;252189;Tarrés;Garrigues;Lleida;El Francolí;Ajuntament Tarrés;AJUNTAMENT TARRÉS;2016;NA;Biològic;30,00;200;0;0;0,00;0;0,00;TARRÉS;1;Infiltració en el terreny;56;50;106
DTVR;TAVÈRNOLES;082750;Tavèrnoles;Osona;Barcelona;El Ter;Consell Comarcal d'Osona;Depuradores d'Osona;2001;NA;Biològic;80,00;175;0;1;0,70;0;0,00;TAVÈRNOLES (Tavèrnoles);1;Riera de Tavèrnoles;159;157;316
DTAV;TAVERTET;082802;Tavertet;Osona;Barcelona;El Ter;Consell Comarcal d'Osona;Depuradores d'Osona;2010;NA;Biològic;84,00;420;0;0;0,31;0;0,00;TAVERTET;1;Torrent Balà;57;54;111
DTIR;TÍRVIA;252213;Tírvia;Pallars Sobirà;Lleida;La Noguera Pallaresa;Agència Catalana de l'Aigua;COMPANYIA GENERAL D'AIGÜES DE CATALUNYA, S.A.;2011;NA;Biològic;120,00;600;0;2;1,35;0;0,00;TÍRVIA;1;barranc dels Rucs;63;68;131
DTIV2;TIVENYS;431495;Tivenys;Baix Ebre;Tarragona;L'Ebre;Consell Comarcal del Baix Ebre;ACCIONA AGUA, S.A.U.;2017;NA;Biològic;150,00;1250;0;2;1,69;0;0,00;Tivenys;1;Barranc de la Valljardina;458;441;899
DTON;TONA;082830;Tona;Osona;Barcelona;El Ter;Consell Comarcal d'Osona;Depuradores d'Osona;1993;NA;Biològic;2160,00;8632;0;0;1,83;0;0,00;TONA (Tona);1;Riera de Tona;4099;4142;8241
DTFB;TORRE DE FONTAUBELLA;431515;Torre de Fontaubella, la;Priorat;Tarragona;L'Ebre;Agència Catalana de l'Aigua;SERVEIS INTEGRALS DE MANTENIMENT RUBATEC, SA;2016;NA;Biològic;25,00;179;0;0;0,38;0;0,00;TORRE DE FONTAUBELLA;1;riera de la Torre de Fontaubella;68;70;138
DLTE;TORRE DE L'ESPANYOL, LA;431520;Torre de l'Espanyol, la;Ribera d'Ebre;Tarragona;L'Ebre;Agència Catalana de l'Aigua;SERVEIS INTEGRALS DE MANTENIMENT RUBATEC, SA;2008;NA;Biològic amb eliminació de Nitrogen;135,00;1429;0;0;NA;0;0,00;TORRE DE L'ESPANYOL (Torre de l'Espanyol);1;Barranc de la Torre;311;300;611
DTLM;TORRELAMEU;252311;Torrelameu;Noguera;Lleida;La Noguera Ribagorçana;Agència Catalana de l'Aigua;COMPANYIA GENERAL D'AIGÜES DE CATALUNYA, S.A.;2011;NA;Biològic;202,00;1010;0;0;0,46;0;0,00;TORRELAMEU;1;desguàs de reg - riu Noguera Ribagorçana;433;310;743
DTOS;TOSSA DE MAR;172023;Tossa de Mar;Selva;Girona;Rieres de la costa entre la frontera amb França i Lloret de Mar;Consorci d'Aigües Costa Brava Girona;SOCIEDAD GENERAL DE AGUAS DE BARCELONA, SA;1980;NA;Biològic amb tractament Terciari;4500,00;43100;0;3;5,30;0;0,00;TOSSA DE MAR;1;Mar Mediterrani;2861;2822;5683
DTRP;TREMP;252347;Tremp;Pallars Jussà;Lleida;La Noguera Pallaresa;Consell Comarcal del Pallars Jussà;COMPANYIA GENERAL D'AIGÜES DE CATALUNYA, S.A.;1995;NA;Biològic amb eliminació de Nitrogen i Fòsfor;1680,00;8400;0;1;5,17;0;0,00;TREMP, TALARN;1;NOGUERA PALLARESA;2884;2960;5844
DUTT2;ULLASTRET;172057;Ullastret;Baix Empordà;Girona;El Daró;Agència Catalana de l'Aigua;UTE PSARU TER-DARÓ (ACSA AGBAR CONSTRUCCIÓN, SA.-SOREA, SA.-CONST. DE CALAF, SA);2012;NA;Biològic;88,00;513;0;2;0,85;0;0,00;ULLASTRET;1;torrent innominat;140;150;290
DULL;ULLDECONA;431567;Ulldecona;Montsià;Tarragona;La Sènia;Consell Comarcal del Montsià;ACCIONA AGUA, S.A.U.;1996;NA;Llacunatge;1620,00;13500;0;0;2,70;0;0,00;ULLDECONA (Ulldecona);1;Riu Sènia;3286;3014;6300
DULD;ULLDEMOLINS;431573;Ulldemolins;Priorat;Tarragona;L'Ebre;Agència Catalana de l'Aigua;SERVEIS INTEGRALS DE MANTENIMENT RUBATEC, SA;2016;NA;Biològic amb eliminació de Nitrogen i Fòsfor;550,00;3208;0;2;1,39;0;0,00;ULLDEMOLINS;1;Riu Prades;229;167;396
DVDR;VALLFOGONA DE RIPOLLÈS;171707;Vallfogona de Ripollès;Ripollès;Girona;El Ter;Agència Catalana de l'Aigua;UTE PSARU TER-DARÓ (ACSA AGBAR CONSTRUCCIÓN, SA.-SOREA, SA.-CONST. DE CALAF, SA);2012;NA;Biològic;74,00;493;0;0;0,52;0;0,00;VALLFOGONA DE RIPOLLÈS (Vallfogona del Ripollès);1;riera de Vallfogona;109;97;206
DVRNF;MAS LES FONTS;082956;Vallirana;Baix Llobregat;Barcelona;El Llobregat;Ajuntament Vallirana;SOCIEDAD GENERAL DE AGUAS DE BARCELONA, SA;2012;NA;Biològic;75,00;500;0;0;NA;0;0,00;Vallirana;1;Torrent Fondo de les Fonts;7523;7483;15006
DVAN;VANDELLÒS;431628;Vandellòs i l'Hospitalet de l'Infant;Baix Camp;Tarragona;Rieres de la costa entre Cunit i Vandellòs i l'Hospitalet de l'Infant;Consell Comarcal del Baix Camp;COMAIGUA, SL;2003;NA;Biològic;175,00;729;0;0;1,02;0;0,00;VANDELLÓS (Vandellós);1;Riu Llastres;3246;3236;6482
DVERD;VERDÚ;252424;Verdú;Urgell;Lleida;El Segre;Agència Catalana de l'Aigua;COMPANYIA GENERAL D'AIGÜES DE CATALUNYA, S.A.;2001;NA;Llacunatge;400,00;2000;3;0;3,28;0;0,00;VERDÚ;1;EL CERCAVINS;441;478;919
DVID;VIDRÀ;172121;Vidrà;Osona;Girona;El Ter;Consell Comarcal d'Osona;Depuradores d'Osona;1999;NA;Biològic;188,00;752;0;0;0,38;0;0,00;VIDRÀ (Vidrà);1;Riu Ges;83;84;167
DVLD;VILADRAU;172207;Viladrau;Osona;Girona;El Ter;Consell Comarcal d'Osona;Depuradores d'Osona;2000;NA;Biològic;1312,00;3499;0;1;4,50;0;0,00;VILADRAU (Viladrau);1;Riera Major;509;531;1040
DVJG;VILAJUÏGA;172235;Vilajuïga;Alt Empordà;Girona;La Muga;Agència Catalana de l'Aigua;COMPANYIA GENERAL D'AIGÜES DE CATALUNYA, S.A.;2005;NA;Llacunatge;356,00;1454;0;0;0,10;0;0,00;VILAJUÏGA(Vilajuïga);1;Riera Vilajuïga;549;555;1104
DVIL;VILALBA DELS ARCS;431750;Vilalba dels Arcs;Terra Alta;Tarragona;L'Ebre;Agència Catalana de l'Aigua;SERVEIS INTEGRALS DE MANTENIMENT RUBATEC, SA;2008;NA;Biològic amb eliminació de Nitrogen;80,00;840;0;0;0,32;0;0,00;VILALBA DELS ARCS (Vilalba dels Arcs);1;Vall de vinyes;318;307;625
DVLL;VILALLER;252458;Vilaller;Alta Ribagorça;Lleida;La Noguera Ribagorçana;Agència Catalana de l'Aigua;CADAGUA;2011;NA;Biològic amb eliminació de Nitrogen i Fòsfor;360,00;1800;0;2;2,50;0;0,00;VILALLER;1;riu Noguera Ribagorçana;294;267;561
DVLLS;SENET;252458;Vilaller;Alta Ribagorça;Lleida;La Noguera Ribagorçana;Agència Catalana de l'Aigua;CADAGUA;2010;NA;Biològic;80,00;400;0;0;0,95;0;0,00;VILALLER (Senet);1;RIU NOGUERA RIBAGORÇANA;294;267;561
DVDT;VILALLONGA DE TER;172240;Vilallonga de Ter;Ripollès;Girona;El Ter;Agència Catalana de l'Aigua;UTE PSARU TER-DARÓ (ACSA AGBAR CONSTRUCCIÓN, SA.-SOREA, SA.-CONST. DE CALAF, SA);2013;NA;Biològic amb eliminació de Nitrogen;301,00;1254;0;0;0,22;0;0,00;VILALLONGA DE TER;1;riu Ter;212;186;398
DVPNA;VILAPLANA;431690;Vilaplana;Baix Camp;Tarragona;Rieres de la costa entre Cunit i Vandellòs i l'Hospitalet de l'Infant;Consell Comarcal del Baix Camp;COMAIGUA, SL;2002;NA;Llacunatge;120,00;577;0;3;0,37;0;0,00;VILAPLANA (Vilaplana);1;Riu la Mussara;302;272;574
DVDO;VILOBÍ D'ONYAR;172333;Vilobí d'Onyar;Selva;Girona;El Ter;Consell Comarcal de la Selva;ACCIONA AGUA, S.A.U.;1997;NA;Biològic;619,00;3611;0;0;0,20;0;0,00;VILOBÍ D'ONYAR;1;Riu Onyar;1711;1580;3291
DVIN;VINEBRE;431779;Vinebre;Ribera d'Ebre;Tarragona;L'Ebre;Agència Catalana de l'Aigua;SERVEIS INTEGRALS DE MANTENIMENT RUBATEC, SA;2008;NA;Biològic amb eliminació de Nitrogen;150,00;475;0;1;0,28;0;0,00;VINEBRE (Vinebre);1;Riu Ebre;221;207;428
